Animal,Type,Weight(kg),Age,Healthy
Cow,Mammal,499,11,Yes
Horse,Mammal,451,15,No
Goat,Mammal,112,4,No
Chicken,Bird,208,2,No
Sheep,Mammal,417,15,Yes
Pig,Mammal,21,4,No
Duck,Bird,523,5,No
Sheep,Mammal,16,12,No
Pig,Mammal,419,6,No
Turkey,Bird,729,3,No
Turkey,Bird,17,3,Yes
Sheep,Mammal,133,7,Yes
Pig,Mammal,416,8,Yes
Goat,Mammal,47,1,Yes
Turkey,Bird,121,9,No
Goat,Mammal,406,3,Yes
Goat,Mammal,213,13,Yes
Sheep,Mammal,587,10,Yes
Duck,Bird,529,8,Yes
Horse,Mammal,186,14,No
Duck,Bird,290,10,Yes
Goat,Mammal,84,12,Yes
Turkey,Bird,54,8,Yes
Duck,Bird,91,2,Yes
Turkey,Bird,614,7,Yes
Turkey,Bird,31,5,Yes
Turkey,Bird,458,1,Yes
Cow,Mammal,237,4,Yes
Cow,Mammal,418,14,No
Turkey,Bird,100,5,Yes
Pig,Mammal,624,7,Yes
Sheep,Mammal,294,12,Yes
Duck,Bird,458,3,No
Goat,Mammal,761,8,No
Cow,Mammal,210,12,No
Goat,Mammal,339,6,Yes
Horse,Mammal,124,6,No
Duck,Bird,703,7,Yes
Cow,Mammal,589,12,No
Pig,Mammal,753,15,No
Pig,Mammal,308,10,Yes
Duck,Bird,570,1,No
Turkey,Bird,504,3,Yes
Turkey,Bird,622,13,No
Duck,Bird,511,14,Yes
Pig,Mammal,667,6,Yes
Chicken,Bird,560,7,No
Turkey,Bird,449,14,Yes
Goat,Mammal,602,7,Yes
Chicken,Bird,540,10,No
Horse,Mammal,360,15,No
Turkey,Bird,763,6,No
Sheep,Mammal,70,3,No
Cow,Mammal,717,13,Yes
Horse,Mammal,5,7,No
Horse,Mammal,550,11,No
Cow,Mammal,29,11,Yes
Horse,Mammal,303,14,No
Goat,Mammal,171,4,No
Pig,Mammal,172,3,No
Duck,Bird,419,9,No
Goat,Mammal,419,4,No
Cow,Mammal,293,8,Yes
Horse,Mammal,676,1,No
Sheep,Mammal,661,4,Yes
Duck,Bird,213,9,No
Cow,Mammal,85,3,No
Pig,Mammal,333,7,Yes
Goat,Mammal,705,10,No
Chicken,Bird,33,7,No
Cow,Mammal,382,14,Yes
Horse,Mammal,729,3,Yes
Goat,Mammal,561,4,No
Goat,Mammal,108,14,No
Sheep,Mammal,116,9,No
Horse,Mammal,749,2,No
Turkey,Bird,395,4,No
Duck,Bird,740,1,No
Duck,Bird,272,9,Yes
Turkey,Bird,93,12,No
Duck,Bird,693,11,No
Chicken,Bird,641,11,No
Cow,Mammal,625,8,Yes
Horse,Mammal,424,11,Yes
Pig,Mammal,225,5,Yes
Sheep,Mammal,685,4,Yes
Turkey,Bird,679,15,No
Duck,Bird,562,13,Yes
Horse,Mammal,554,7,Yes
Horse,Mammal,221,6,No
Cow,Mammal,195,8,No
Duck,Bird,697,3,Yes
Goat,Mammal,745,6,No
Chicken,Bird,116,12,Yes
Pig,Mammal,739,15,Yes
Chicken,Bird,635,9,Yes
Cow,Mammal,494,6,Yes
Duck,Bird,500,7,No
Turkey,Bird,526,1,No
Cow,Mammal,455,5,Yes
Turkey,Bird,339,15,Yes
Cow,Mammal,214,15,Yes
Goat,Mammal,192,5,Yes
Pig,Mammal,744,10,Yes
Goat,Mammal,179,9,No
Chicken,Bird,512,13,Yes
Pig,Mammal,65,5,Yes
Pig,Mammal,708,12,No
Duck,Bird,618,14,No
Sheep,Mammal,220,6,No
Horse,Mammal,602,1,Yes
Chicken,Bird,55,9,No
Duck,Bird,749,7,Yes
Sheep,Mammal,742,4,Yes
Pig,Mammal,793,4,Yes
Chicken,Bird,350,2,Yes
Horse,Mammal,366,7,Yes
Turkey,Bird,245,8,No
Turkey,Bird,86,15,No
Duck,Bird,100,5,No
Chicken,Bird,224,4,Yes
Pig,Mammal,595,6,Yes
Sheep,Mammal,91,1,No
Sheep,Mammal,373,1,No
Goat,Mammal,50,8,No
Sheep,Mammal,460,12,No
Turkey,Bird,6,8,Yes
Turkey,Bird,723,6,Yes
Cow,Mammal,269,13,Yes
Horse,Mammal,23,15,No
Horse,Mammal,382,10,No
Cow,Mammal,112,9,No
Horse,Mammal,150,9,No
Duck,Bird,752,3,No
Duck,Bird,221,4,Yes
Horse,Mammal,718,11,No
Chicken,Bird,303,12,No
Cow,Mammal,336,14,Yes
Goat,Mammal,304,6,No
Chicken,Bird,328,11,Yes
Duck,Bird,344,11,Yes
Turkey,Bird,192,11,Yes
Cow,Mammal,476,13,No
Goat,Mammal,425,1,Yes
Duck,Bird,192,11,Yes
Sheep,Mammal,230,4,Yes
Goat,Mammal,736,13,Yes
Duck,Bird,18,4,Yes
Sheep,Mammal,288,7,Yes
Pig,Mammal,689,8,Yes
Duck,Bird,4,3,Yes
Cow,Mammal,158,7,No
Chicken,Bird,638,2,No
Duck,Bird,27,8,Yes
Chicken,Bird,169,8,Yes
Turkey,Bird,678,6,Yes
Turkey,Bird,206,6,No
Sheep,Mammal,186,8,No
Duck,Bird,477,15,Yes
Cow,Mammal,695,7,No
Cow,Mammal,391,14,Yes
Cow,Mammal,537,10,No
Turkey,Bird,682,3,Yes
Cow,Mammal,602,8,Yes
Horse,Mammal,11,2,Yes
Cow,Mammal,648,10,Yes
Cow,Mammal,175,8,Yes
Turkey,Bird,57,14,No
Turkey,Bird,615,9,No
Chicken,Bird,787,14,Yes
Cow,Mammal,672,6,No
Duck,Bird,96,4,Yes
Horse,Mammal,188,7,Yes
Horse,Mammal,352,7,No
Chicken,Bird,73,9,No
Turkey,Bird,62,3,Yes
Goat,Mammal,283,13,Yes
Horse,Mammal,175,1,No
Cow,Mammal,192,8,Yes
Cow,Mammal,242,10,Yes
Cow,Mammal,78,15,No
Pig,Mammal,786,2,No
Horse,Mammal,370,4,Yes
Chicken,Bird,111,5,Yes
Pig,Mammal,167,3,Yes
Pig,Mammal,110,3,No
Chicken,Bird,243,7,Yes
Pig,Mammal,166,13,No
Chicken,Bird,646,3,Yes
Cow,Mammal,412,11,Yes
Turkey,Bird,518,15,No
Turkey,Bird,622,10,Yes
Duck,Bird,256,10,Yes
Duck,Bird,59,9,Yes
Turkey,Bird,26,1,No
Duck,Bird,301,9,No
Horse,Mammal,35,3,No
Duck,Bird,556,8,Yes
Duck,Bird,522,7,No
Sheep,Mammal,465,7,No
Turkey,Bird,219,6,Yes
Goat,Mammal,65,1,No
Horse,Mammal,460,6,No
Goat,Mammal,556,12,Yes
Turkey,Bird,541,15,Yes
Cow,Mammal,155,13,No
Chicken,Bird,715,12,No
Cow,Mammal,603,10,No
Chicken,Bird,503,13,No
Horse,Mammal,322,8,Yes
Duck,Bird,486,3,No
Horse,Mammal,72,4,Yes
Turkey,Bird,281,5,No
Cow,Mammal,490,14,No
Cow,Mammal,143,7,Yes
Chicken,Bird,335,6,Yes
Duck,Bird,688,6,No
Sheep,Mammal,152,10,No
Turkey,Bird,658,2,Yes
Chicken,Bird,580,14,No
Goat,Mammal,470,14,No
Horse,Mammal,162,15,No
Pig,Mammal,362,10,No
Cow,Mammal,35,14,No
Chicken,Bird,487,12,Yes
Duck,Bird,596,11,Yes
Cow,Mammal,620,3,No
Goat,Mammal,549,7,Yes
Duck,Bird,460,3,Yes
Duck,Bird,444,4,Yes
Chicken,Bird,645,13,No
Chicken,Bird,362,10,No
Chicken,Bird,581,6,Yes
Turkey,Bird,295,3,Yes
Duck,Bird,380,10,No
Pig,Mammal,548,13,No
Turkey,Bird,684,2,No
Horse,Mammal,265,11,No
Horse,Mammal,301,1,No
Pig,Mammal,167,6,Yes
Goat,Mammal,117,2,No
Sheep,Mammal,294,9,Yes
Goat,Mammal,647,6,Yes
Duck,Bird,404,8,Yes
Horse,Mammal,288,3,No
Sheep,Mammal,500,4,Yes
Duck,Bird,147,11,Yes
Horse,Mammal,437,15,Yes
Sheep,Mammal,420,4,No
Sheep,Mammal,503,5,Yes
Goat,Mammal,529,6,Yes
Turkey,Bird,646,12,No
Duck,Bird,65,8,No
Duck,Bird,130,10,No
Goat,Mammal,275,6,No
Horse,Mammal,706,14,No
Cow,Mammal,65,3,No
Goat,Mammal,689,6,Yes
Duck,Bird,220,10,No
Turkey,Bird,458,15,Yes
Horse,Mammal,266,14,No
Duck,Bird,728,9,Yes
Cow,Mammal,664,1,No
Duck,Bird,374,15,Yes
Duck,Bird,425,12,Yes
Turkey,Bird,289,13,No
Horse,Mammal,70,13,Yes
Horse,Mammal,7,12,Yes
Horse,Mammal,685,7,Yes
Horse,Mammal,286,2,No
Cow,Mammal,127,11,Yes
Duck,Bird,430,2,Yes
Chicken,Bird,342,5,Yes
Cow,Mammal,326,5,No
Sheep,Mammal,34,5,Yes
Sheep,Mammal,795,10,No
Pig,Mammal,202,1,Yes
Horse,Mammal,352,13,Yes
Goat,Mammal,301,9,No
Chicken,Bird,12,2,No
Horse,Mammal,196,13,Yes
Pig,Mammal,527,1,Yes
Horse,Mammal,520,2,No
Cow,Mammal,491,2,No
Chicken,Bird,638,8,No
Pig,Mammal,568,11,Yes
Chicken,Bird,675,15,No
Duck,Bird,586,11,No
Sheep,Mammal,580,7,No
Chicken,Bird,317,11,Yes
Horse,Mammal,685,9,No
Horse,Mammal,704,5,Yes
Horse,Mammal,34,3,No
Sheep,Mammal,329,14,No
Duck,Bird,560,7,Yes
Pig,Mammal,630,1,No
Turkey,Bird,85,14,No
Chicken,Bird,454,8,No
Pig,Mammal,6,6,Yes
Pig,Mammal,464,13,Yes
Sheep,Mammal,530,10,Yes
Goat,Mammal,481,8,No
Horse,Mammal,13,2,Yes
Turkey,Bird,305,6,Yes
Cow,Mammal,254,6,No
Pig,Mammal,230,9,No
Goat,Mammal,683,1,Yes
Goat,Mammal,273,15,Yes
Chicken,Bird,445,15,No
Goat,Mammal,191,15,No
Goat,Mammal,122,9,Yes
Goat,Mammal,656,2,Yes
Duck,Bird,706,15,Yes
Pig,Mammal,68,12,No
Sheep,Mammal,140,5,No
Duck,Bird,435,15,No
Horse,Mammal,742,8,No
Goat,Mammal,148,15,Yes
Chicken,Bird,623,15,Yes
Turkey,Bird,277,5,Yes
Goat,Mammal,231,10,Yes
Chicken,Bird,292,15,Yes
Duck,Bird,800,12,No
Pig,Mammal,175,11,No
Horse,Mammal,674,3,No
Pig,Mammal,338,5,Yes
Chicken,Bird,252,15,Yes
Cow,Mammal,586,11,Yes
Sheep,Mammal,81,12,No
Cow,Mammal,160,14,Yes
Cow,Mammal,776,2,Yes
Pig,Mammal,611,13,Yes
Pig,Mammal,475,7,No
Pig,Mammal,405,15,Yes
Horse,Mammal,179,10,Yes
Pig,Mammal,763,12,Yes
Duck,Bird,763,6,No
Goat,Mammal,212,6,Yes
Chicken,Bird,794,6,No
Duck,Bird,413,12,No
Sheep,Mammal,168,8,Yes
Cow,Mammal,280,6,No
Chicken,Bird,391,15,Yes
Horse,Mammal,776,3,No
Turkey,Bird,152,11,Yes
Cow,Mammal,159,4,No
Horse,Mammal,357,15,Yes
Cow,Mammal,436,15,No
Horse,Mammal,598,9,No
Sheep,Mammal,208,4,No
Sheep,Mammal,37,10,Yes
Sheep,Mammal,537,6,No
Cow,Mammal,160,11,Yes
Horse,Mammal,516,15,No
Goat,Mammal,291,3,Yes
Chicken,Bird,742,13,Yes
Chicken,Bird,201,5,No
Duck,Bird,382,3,No
Duck,Bird,47,9,Yes
Goat,Mammal,285,15,No
Cow,Mammal,618,10,No
Turkey,Bird,378,3,No
Chicken,Bird,146,7,Yes
Chicken,Bird,788,1,No
Sheep,Mammal,718,9,No
Pig,Mammal,484,9,Yes
Pig,Mammal,512,11,Yes
Pig,Mammal,95,10,Yes
Cow,Mammal,670,14,No
Duck,Bird,340,2,Yes
Turkey,Bird,401,4,Yes
Pig,Mammal,558,13,Yes
Sheep,Mammal,323,7,No
Cow,Mammal,677,5,No
Turkey,Bird,505,3,Yes
Turkey,Bird,575,10,No
Goat,Mammal,375,11,No
Chicken,Bird,439,9,No
Chicken,Bird,795,4,No
Duck,Bird,612,15,No
Pig,Mammal,121,10,Yes
Turkey,Bird,216,10,No
Duck,Bird,234,6,No
Cow,Mammal,720,10,No
Turkey,Bird,731,3,No
Sheep,Mammal,587,8,Yes
Sheep,Mammal,315,5,No
Pig,Mammal,44,4,Yes
Horse,Mammal,416,3,No
Goat,Mammal,615,2,Yes
Goat,Mammal,201,7,Yes
Chicken,Bird,146,11,No
Sheep,Mammal,279,11,No
Duck,Bird,26,9,Yes
Turkey,Bird,438,12,Yes
Chicken,Bird,270,11,Yes
Turkey,Bird,309,7,No
Goat,Mammal,65,12,No
Cow,Mammal,800,9,No
Turkey,Bird,736,1,No
Goat,Mammal,407,1,Yes
Duck,Bird,727,7,Yes
Goat,Mammal,690,8,No
Chicken,Bird,755,4,Yes
Sheep,Mammal,288,6,No
Horse,Mammal,709,7,No
Pig,Mammal,798,5,Yes
Duck,Bird,226,2,Yes
Duck,Bird,717,10,No
Sheep,Mammal,239,3,No
Cow,Mammal,664,5,Yes
Horse,Mammal,329,7,No
Turkey,Bird,688,4,Yes
Duck,Bird,29,1,Yes
Chicken,Bird,708,1,No
Goat,Mammal,655,13,No
Turkey,Bird,712,10,No
Duck,Bird,701,3,Yes
Chicken,Bird,414,4,Yes
Cow,Mammal,738,11,Yes
Duck,Bird,750,5,Yes
Sheep,Mammal,329,13,Yes
Goat,Mammal,217,11,No
Cow,Mammal,188,2,No
Pig,Mammal,280,4,Yes
Pig,Mammal,594,4,Yes
Duck,Bird,710,3,Yes
Cow,Mammal,445,6,Yes
Cow,Mammal,81,1,Yes
Pig,Mammal,498,4,No
Sheep,Mammal,172,3,No
Sheep,Mammal,643,2,No
Pig,Mammal,349,8,No
Turkey,Bird,42,2,Yes
Chicken,Bird,713,14,Yes
Duck,Bird,185,7,No
Cow,Mammal,518,4,Yes
Turkey,Bird,225,5,Yes
Chicken,Bird,307,10,Yes
Turkey,Bird,497,5,No
Chicken,Bird,67,5,No
Sheep,Mammal,633,11,No
Chicken,Bird,591,10,Yes
Sheep,Mammal,273,14,Yes
Sheep,Mammal,578,3,Yes
Pig,Mammal,287,12,No
Horse,Mammal,96,13,Yes
Duck,Bird,620,7,No
Goat,Mammal,281,14,No
Chicken,Bird,646,13,No
Goat,Mammal,8,3,No
Turkey,Bird,744,4,Yes
Pig,Mammal,276,1,Yes
Chicken,Bird,497,10,Yes
Duck,Bird,646,8,Yes
Turkey,Bird,685,14,No
Sheep,Mammal,552,6,No
Duck,Bird,129,14,No
Sheep,Mammal,645,14,No
Chicken,Bird,781,1,No
Duck,Bird,364,10,Yes
Goat,Mammal,351,12,Yes
Goat,Mammal,403,1,Yes
Cow,Mammal,785,14,No
Sheep,Mammal,483,10,Yes
Chicken,Bird,467,6,No
Sheep,Mammal,9,13,No
Cow,Mammal,472,8,No
Pig,Mammal,162,1,Yes
Goat,Mammal,758,5,No
Turkey,Bird,120,14,No
Chicken,Bird,47,4,No
Horse,Mammal,47,3,No
Horse,Mammal,430,7,No
Chicken,Bird,111,7,No
Cow,Mammal,590,15,No
Cow,Mammal,67,2,No
Duck,Bird,674,2,No
Goat,Mammal,554,4,Yes
Pig,Mammal,197,14,Yes
Sheep,Mammal,271,8,Yes
Sheep,Mammal,291,1,Yes
Pig,Mammal,238,9,Yes
Horse,Mammal,573,13,No
Pig,Mammal,583,13,No
Cow,Mammal,73,3,No
Horse,Mammal,348,14,No
Sheep,Mammal,550,14,No
Horse,Mammal,487,13,No
Pig,Mammal,626,3,No
Horse,Mammal,556,4,No
Sheep,Mammal,289,12,No
Horse,Mammal,721,9,No
Duck,Bird,314,6,Yes
Cow,Mammal,50,11,No
Horse,Mammal,515,10,No
Cow,Mammal,80,1,No
Turkey,Bird,266,10,Yes
Cow,Mammal,411,11,Yes
Chicken,Bird,66,4,No
Duck,Bird,479,6,Yes
Duck,Bird,402,8,Yes
Pig,Mammal,792,3,Yes
Chicken,Bird,459,8,Yes
Turkey,Bird,534,12,Yes
Horse,Mammal,705,8,Yes
Duck,Bird,401,9,Yes
Horse,Mammal,602,2,Yes
Goat,Mammal,582,2,Yes
Chicken,Bird,247,1,No
Chicken,Bird,654,7,No
Cow,Mammal,66,15,Yes
Duck,Bird,652,2,No
Sheep,Mammal,53,12,Yes
Horse,Mammal,351,10,Yes
Chicken,Bird,451,13,No
Horse,Mammal,759,7,Yes
Chicken,Bird,132,2,Yes
Turkey,Bird,28,9,No
Goat,Mammal,617,2,No
Cow,Mammal,15,13,Yes
Cow,Mammal,676,1,Yes
Duck,Bird,732,5,No
Duck,Bird,63,14,No
Sheep,Mammal,180,12,Yes
Chicken,Bird,689,6,No
Cow,Mammal,608,8,No
Turkey,Bird,61,14,No
Chicken,Bird,600,5,Yes
Turkey,Bird,372,15,Yes
Chicken,Bird,459,10,No
Cow,Mammal,673,3,Yes
Sheep,Mammal,750,14,No
Horse,Mammal,563,5,Yes
Chicken,Bird,649,13,No
Pig,Mammal,69,8,No
Chicken,Bird,541,4,Yes
Chicken,Bird,251,2,No
Horse,Mammal,210,2,Yes
Cow,Mammal,563,14,Yes
Horse,Mammal,510,9,No
Sheep,Mammal,242,1,No
Sheep,Mammal,357,8,Yes
Duck,Bird,798,1,Yes
Pig,Mammal,340,3,Yes
Sheep,Mammal,700,13,Yes
Goat,Mammal,150,9,Yes
Duck,Bird,33,13,Yes
Cow,Mammal,437,7,Yes
Turkey,Bird,705,2,Yes
Chicken,Bird,498,2,No
Chicken,Bird,429,2,No
Sheep,Mammal,258,8,No
Horse,Mammal,11,13,No
Sheep,Mammal,133,13,Yes
Cow,Mammal,246,11,No
Pig,Mammal,153,3,Yes
Pig,Mammal,38,5,No
Horse,Mammal,728,15,No
Chicken,Bird,20,4,No
Turkey,Bird,275,14,No
Chicken,Bird,165,11,Yes
Chicken,Bird,65,10,No
Turkey,Bird,362,3,Yes
Pig,Mammal,537,3,No
Turkey,Bird,106,9,No
Goat,Mammal,349,11,No
Horse,Mammal,66,1,Yes
Goat,Mammal,756,15,Yes
Goat,Mammal,242,6,Yes
Turkey,Bird,556,6,Yes
Turkey,Bird,611,6,Yes
Turkey,Bird,73,7,Yes
Pig,Mammal,373,10,Yes
Sheep,Mammal,622,11,Yes
Turkey,Bird,511,2,Yes
Chicken,Bird,572,9,No
Cow,Mammal,704,14,No
Turkey,Bird,790,13,Yes
Duck,Bird,268,7,Yes
Turkey,Bird,112,7,Yes
Cow,Mammal,344,2,No
Sheep,Mammal,464,7,Yes
Turkey,Bird,71,13,No
Turkey,Bird,630,1,No
Cow,Mammal,321,13,Yes
Sheep,Mammal,396,10,Yes
Horse,Mammal,569,3,No
Cow,Mammal,9,10,Yes
Duck,Bird,354,10,No
Sheep,Mammal,668,10,No
Turkey,Bird,495,4,Yes
Goat,Mammal,790,15,Yes
Chicken,Bird,415,13,Yes
Pig,Mammal,630,1,Yes
Chicken,Bird,678,6,Yes
Goat,Mammal,550,6,No
Duck,Bird,748,10,No
Chicken,Bird,79,5,Yes
Goat,Mammal,429,1,No
Turkey,Bird,746,2,No
Pig,Mammal,446,5,Yes
Turkey,Bird,569,12,No
Duck,Bird,69,15,Yes
Chicken,Bird,732,7,Yes
Sheep,Mammal,112,10,No
Pig,Mammal,464,1,Yes
Duck,Bird,674,11,Yes
Cow,Mammal,139,13,No
Pig,Mammal,690,9,Yes
Duck,Bird,147,3,No
Chicken,Bird,700,5,Yes
Goat,Mammal,128,8,Yes
Sheep,Mammal,20,4,Yes
Sheep,Mammal,579,3,Yes
Horse,Mammal,160,5,Yes
Duck,Bird,32,11,No
Horse,Mammal,652,10,No
Duck,Bird,748,14,Yes
Turkey,Bird,235,5,No
Duck,Bird,504,11,No
Horse,Mammal,775,5,No
Pig,Mammal,68,15,Yes
Sheep,Mammal,563,6,No
Horse,Mammal,788,8,No
Cow,Mammal,330,11,No
Turkey,Bird,69,13,No
Turkey,Bird,339,9,Yes
Chicken,Bird,586,11,Yes
Goat,Mammal,34,12,Yes
Horse,Mammal,604,6,Yes
Sheep,Mammal,491,15,Yes
Pig,Mammal,653,4,No
Chicken,Bird,122,13,No
Chicken,Bird,512,14,Yes
Duck,Bird,105,3,Yes
Duck,Bird,758,6,No
Turkey,Bird,85,7,Yes
Sheep,Mammal,253,2,Yes
Cow,Mammal,600,2,Yes
Cow,Mammal,18,9,No
Sheep,Mammal,82,1,Yes
Sheep,Mammal,661,1,Yes
Turkey,Bird,749,12,Yes
Horse,Mammal,325,8,No
Chicken,Bird,660,8,Yes
Turkey,Bird,11,3,No
Turkey,Bird,35,5,No
Chicken,Bird,305,12,No
Pig,Mammal,475,14,Yes
Sheep,Mammal,376,6,No
Horse,Mammal,129,3,Yes
Cow,Mammal,309,15,No
Cow,Mammal,715,13,No
Horse,Mammal,638,1,Yes
Duck,Bird,362,9,Yes
Pig,Mammal,683,9,Yes
Goat,Mammal,65,3,No
Chicken,Bird,97,11,No
Horse,Mammal,315,2,Yes
Turkey,Bird,476,5,Yes
Sheep,Mammal,644,6,Yes
Horse,Mammal,795,10,Yes
Turkey,Bird,381,12,Yes
Turkey,Bird,550,6,Yes
Duck,Bird,176,12,No
Horse,Mammal,137,2,No
Horse,Mammal,518,1,Yes
Turkey,Bird,591,13,Yes
Turkey,Bird,507,4,Yes
Goat,Mammal,800,4,No
Pig,Mammal,190,15,No
Duck,Bird,668,6,Yes
Pig,Mammal,237,10,Yes
Pig,Mammal,682,12,Yes
Cow,Mammal,168,5,Yes
Turkey,Bird,473,9,No
Turkey,Bird,612,4,Yes
Chicken,Bird,683,5,No
Horse,Mammal,105,5,No
Chicken,Bird,79,5,No
Cow,Mammal,417,4,Yes
Horse,Mammal,85,9,No
Cow,Mammal,496,1,Yes
Sheep,Mammal,158,10,Yes
Duck,Bird,509,10,Yes
Duck,Bird,674,11,Yes
Turkey,Bird,58,12,No
Pig,Mammal,90,14,Yes
Turkey,Bird,202,6,No
Horse,Mammal,686,9,Yes
Cow,Mammal,608,6,Yes
Cow,Mammal,792,12,No
Duck,Bird,216,6,Yes
Pig,Mammal,189,11,Yes
Pig,Mammal,762,12,No
Goat,Mammal,451,2,Yes
Cow,Mammal,364,2,No
Horse,Mammal,141,5,Yes
Turkey,Bird,138,12,No
Pig,Mammal,231,13,No
Goat,Mammal,484,1,No
Goat,Mammal,592,8,No
Sheep,Mammal,527,9,No
Duck,Bird,349,14,No
Sheep,Mammal,478,13,No
Goat,Mammal,728,6,No
Duck,Bird,26,11,No
Pig,Mammal,254,11,Yes
Goat,Mammal,219,3,No
Goat,Mammal,577,1,No
Sheep,Mammal,441,6,No
Chicken,Bird,518,11,Yes
Duck,Bird,221,2,Yes
Cow,Mammal,446,8,Yes
Pig,Mammal,423,8,No
Cow,Mammal,234,14,Yes
Goat,Mammal,485,1,No
Cow,Mammal,323,1,No
Horse,Mammal,420,15,No
Horse,Mammal,633,1,Yes
Pig,Mammal,490,4,Yes
Horse,Mammal,131,9,No
Pig,Mammal,580,13,Yes
Chicken,Bird,442,6,Yes
Pig,Mammal,635,14,No
Goat,Mammal,92,6,No
Goat,Mammal,287,9,No
Pig,Mammal,378,7,No
Chicken,Bird,81,1,Yes
Goat,Mammal,177,9,No
Turkey,Bird,259,7,Yes
Pig,Mammal,361,14,No
Pig,Mammal,574,10,Yes
Goat,Mammal,501,10,Yes
Turkey,Bird,547,14,No
Turkey,Bird,380,6,Yes
Chicken,Bird,186,8,No
Turkey,Bird,559,3,Yes
Horse,Mammal,185,15,Yes
Cow,Mammal,241,15,Yes
Sheep,Mammal,331,8,Yes
Pig,Mammal,344,9,Yes
Cow,Mammal,345,3,Yes
Horse,Mammal,462,10,No
Turkey,Bird,651,9,No
Sheep,Mammal,183,1,Yes
Turkey,Bird,43,11,No
Sheep,Mammal,608,13,Yes
Horse,Mammal,141,9,Yes
Pig,Mammal,41,2,Yes
Duck,Bird,575,4,No
Cow,Mammal,108,13,No
Goat,Mammal,189,4,No
Pig,Mammal,797,5,Yes
Chicken,Bird,784,10,No
Turkey,Bird,580,3,No
Duck,Bird,710,6,Yes
Chicken,Bird,679,12,No
Chicken,Bird,387,11,No
Pig,Mammal,515,13,No
Goat,Mammal,22,2,Yes
Goat,Mammal,634,10,No
Chicken,Bird,634,8,Yes
Chicken,Bird,494,4,No
Cow,Mammal,769,2,No
Sheep,Mammal,330,3,No
Duck,Bird,639,5,Yes
Goat,Mammal,25,9,Yes
Sheep,Mammal,521,14,Yes
Horse,Mammal,396,3,No
Goat,Mammal,463,3,Yes
Goat,Mammal,698,3,Yes
Cow,Mammal,727,2,No
Pig,Mammal,242,4,No
Cow,Mammal,11,12,Yes
Pig,Mammal,688,12,No
Sheep,Mammal,344,14,No
Goat,Mammal,57,10,Yes
Cow,Mammal,267,11,No
Horse,Mammal,538,1,No
Duck,Bird,715,5,Yes
Sheep,Mammal,380,12,No
Pig,Mammal,646,3,No
Horse,Mammal,790,6,Yes
Duck,Bird,625,10,Yes
Sheep,Mammal,80,12,Yes
Cow,Mammal,32,14,No
Sheep,Mammal,688,14,No
Horse,Mammal,75,8,No
Pig,Mammal,334,8,No
Sheep,Mammal,638,9,Yes
Cow,Mammal,547,4,No
Turkey,Bird,152,13,Yes
Turkey,Bird,307,4,Yes
Horse,Mammal,653,9,No
Duck,Bird,519,9,Yes
Turkey,Bird,133,13,No
Cow,Mammal,644,6,No
Turkey,Bird,473,2,Yes
Turkey,Bird,100,15,Yes
Duck,Bird,426,11,No
Sheep,Mammal,378,2,Yes
Duck,Bird,144,7,No
Pig,Mammal,124,15,Yes
Duck,Bird,723,4,Yes
Duck,Bird,400,12,No
Pig,Mammal,736,6,No
Chicken,Bird,656,14,Yes
Cow,Mammal,508,2,No
Pig,Mammal,93,9,Yes
Pig,Mammal,409,12,No
Goat,Mammal,775,3,Yes
Cow,Mammal,37,7,No
Cow,Mammal,28,13,Yes
Goat,Mammal,602,12,No
Pig,Mammal,706,13,Yes
Cow,Mammal,788,8,Yes
Horse,Mammal,346,13,No
Turkey,Bird,113,12,No
Goat,Mammal,86,1,No
Sheep,Mammal,307,14,Yes
Duck,Bird,182,2,Yes
Pig,Mammal,675,3,Yes
Sheep,Mammal,132,10,No
Duck,Bird,619,13,No
Goat,Mammal,69,15,No
Pig,Mammal,449,8,Yes
Chicken,Bird,64,7,No
Cow,Mammal,197,2,No
Duck,Bird,271,8,No
Pig,Mammal,739,9,Yes
Sheep,Mammal,461,13,No
Pig,Mammal,418,15,Yes
Sheep,Mammal,764,9,Yes
Chicken,Bird,313,5,No
Chicken,Bird,7,15,No
Sheep,Mammal,621,3,Yes
Turkey,Bird,239,7,Yes
Duck,Bird,54,10,Yes
Chicken,Bird,338,2,Yes
Chicken,Bird,102,5,No
Turkey,Bird,667,15,Yes
Pig,Mammal,595,7,Yes
Horse,Mammal,209,9,Yes
Goat,Mammal,57,11,Yes
Pig,Mammal,186,2,Yes
Turkey,Bird,564,3,No
Cow,Mammal,517,6,No
Duck,Bird,791,13,No
Goat,Mammal,780,1,Yes
Horse,Mammal,440,5,Yes
Pig,Mammal,793,6,Yes
Duck,Bird,206,12,Yes
Goat,Mammal,723,9,No
Duck,Bird,565,1,No
Duck,Bird,59,7,No
Turkey,Bird,75,4,No
Horse,Mammal,722,10,No
Duck,Bird,252,4,Yes
Cow,Mammal,102,11,Yes
Goat,Mammal,477,3,No
Duck,Bird,152,6,Yes
Sheep,Mammal,748,14,No
Turkey,Bird,293,11,Yes
Turkey,Bird,356,7,Yes
Goat,Mammal,637,8,Yes
Duck,Bird,587,4,Yes
Duck,Bird,365,4,Yes
Pig,Mammal,699,9,No
Duck,Bird,506,14,No
Horse,Mammal,164,6,Yes
Horse,Mammal,664,14,No
Turkey,Bird,762,12,Yes
Turkey,Bird,360,7,No
Sheep,Mammal,370,1,No
Sheep,Mammal,179,15,No
Sheep,Mammal,760,13,No
Duck,Bird,440,11,Yes
Sheep,Mammal,201,3,Yes
Chicken,Bird,396,13,Yes
Turkey,Bird,603,8,No
Goat,Mammal,176,5,No
Chicken,Bird,758,12,No
Duck,Bird,205,7,No
Turkey,Bird,794,4,No
Duck,Bird,484,12,Yes
Pig,Mammal,579,9,Yes
Turkey,Bird,689,3,Yes
Cow,Mammal,240,12,Yes
Duck,Bird,657,1,Yes
Horse,Mammal,672,8,No
Duck,Bird,31,14,No
Duck,Bird,395,8,No
Duck,Bird,731,11,Yes
Horse,Mammal,466,10,Yes
Duck,Bird,357,1,Yes
Horse,Mammal,547,8,No
Cow,Mammal,690,11,No
Chicken,Bird,121,10,No
Pig,Mammal,605,15,Yes
Horse,Mammal,518,3,No
Cow,Mammal,224,12,No
Horse,Mammal,490,12,Yes
Duck,Bird,799,5,No
Cow,Mammal,697,9,Yes
Chicken,Bird,626,14,No
Sheep,Mammal,384,9,No
Pig,Mammal,63,13,Yes
Horse,Mammal,513,6,No
Horse,Mammal,441,7,Yes
Goat,Mammal,760,14,No
Pig,Mammal,457,7,No
Goat,Mammal,335,4,Yes
Chicken,Bird,335,15,No
Horse,Mammal,725,14,No
Sheep,Mammal,55,9,No
Goat,Mammal,450,5,Yes
Goat,Mammal,678,14,No
Cow,Mammal,163,3,No
Horse,Mammal,43,11,Yes
Sheep,Mammal,579,2,Yes
Goat,Mammal,783,11,No
Turkey,Bird,17,12,Yes
Chicken,Bird,350,14,Yes
Pig,Mammal,589,8,No
Goat,Mammal,153,13,Yes
Goat,Mammal,738,6,Yes
Duck,Bird,790,14,No
Cow,Mammal,261,13,No
Cow,Mammal,786,8,Yes
Turkey,Bird,202,10,Yes
Sheep,Mammal,534,4,Yes
Horse,Mammal,699,10,No
Sheep,Mammal,622,11,Yes
Horse,Mammal,153,5,Yes
Horse,Mammal,99,4,No
Turkey,Bird,458,7,Yes
Horse,Mammal,285,9,No
Sheep,Mammal,331,14,No
Pig,Mammal,77,8,Yes
Duck,Bird,740,10,Yes
Turkey,Bird,249,10,No
Chicken,Bird,487,15,Yes
Duck,Bird,705,11,No
Goat,Mammal,490,3,No
Pig,Mammal,580,7,Yes
Chicken,Bird,276,13,No
Cow,Mammal,161,15,Yes
Duck,Bird,445,15,No
Pig,Mammal,168,14,No
Chicken,Bird,644,15,Yes
Horse,Mammal,323,13,Yes
Sheep,Mammal,526,13,No
Cow,Mammal,45,15,No
Sheep,Mammal,749,14,No
Turkey,Bird,336,11,No
Sheep,Mammal,536,7,Yes
Pig,Mammal,2,8,No
Turkey,Bird,76,9,Yes
Duck,Bird,209,6,No
Pig,Mammal,514,2,No
Turkey,Bird,494,15,Yes
Turkey,Bird,122,14,Yes
Duck,Bird,707,9,No
Goat,Mammal,161,2,Yes
Turkey,Bird,762,12,Yes
Pig,Mammal,185,5,No
Turkey,Bird,26,1,No
Sheep,Mammal,381,7,No
Cow,Mammal,683,2,Yes
Sheep,Mammal,785,12,Yes
Horse,Mammal,197,1,Yes
Chicken,Bird,331,1,Yes
Sheep,Mammal,128,15,Yes
Horse,Mammal,702,4,Yes
Chicken,Bird,155,11,Yes
Turkey,Bird,161,3,Yes
Chicken,Bird,634,12,Yes
Chicken,Bird,502,9,No
Sheep,Mammal,238,4,Yes
Sheep,Mammal,255,14,No
Sheep,Mammal,97,6,No
Duck,Bird,170,14,Yes
Duck,Bird,425,15,Yes
Cow,Mammal,36,15,No
Pig,Mammal,277,7,Yes
Duck,Bird,755,9,Yes
Sheep,Mammal,513,4,Yes
Cow,Mammal,797,9,No
Duck,Bird,133,12,Yes
Sheep,Mammal,366,8,No
Duck,Bird,175,7,No
Duck,Bird,129,5,Yes
Sheep,Mammal,673,5,Yes
Chicken,Bird,164,2,Yes
Chicken,Bird,459,8,No
Horse,Mammal,550,10,No
Sheep,Mammal,311,3,Yes
Cow,Mammal,793,8,Yes
Pig,Mammal,245,5,No
Pig,Mammal,493,6,Yes
Horse,Mammal,418,12,No
Turkey,Bird,251,3,No
Duck,Bird,521,2,No
Chicken,Bird,275,14,Yes
Cow,Mammal,431,8,Yes
Goat,Mammal,550,11,Yes
Pig,Mammal,104,1,No
Chicken,Bird,390,3,Yes
Chicken,Bird,384,15,No
Goat,Mammal,574,8,Yes
Goat,Mammal,662,12,Yes
Turkey,Bird,385,9,Yes
Pig,Mammal,50,11,Yes
Pig,Mammal,173,6,No
Sheep,Mammal,472,5,Yes
Chicken,Bird,454,3,No
Horse,Mammal,495,11,No
Turkey,Bird,130,9,No
Goat,Mammal,182,15,Yes
Goat,Mammal,636,4,No
Duck,Bird,270,2,No
Goat,Mammal,175,7,Yes
Sheep,Mammal,779,2,No
Chicken,Bird,265,2,No
Duck,Bird,92,9,Yes
Turkey,Bird,155,6,Yes
Horse,Mammal,12,15,Yes
Goat,Mammal,779,5,Yes
Cow,Mammal,557,10,Yes
Goat,Mammal,692,14,No
Horse,Mammal,33,14,No
Pig,Mammal,383,10,Yes
Cow,Mammal,442,12,Yes
Sheep,Mammal,337,9,Yes
Duck,Bird,269,14,Yes
Turkey,Bird,70,9,No
Chicken,Bird,183,4,No
Pig,Mammal,23,6,Yes
Turkey,Bird,587,1,No
Cow,Mammal,12,10,Yes
Goat,Mammal,744,1,No
Pig,Mammal,29,12,No
Pig,Mammal,548,2,Yes
Goat,Mammal,85,2,No
Pig,Mammal,228,8,No
Cow,Mammal,386,3,No
Turkey,Bird,434,7,No
Horse,Mammal,600,9,No
Duck,Bird,305,10,Yes
Pig,Mammal,456,9,Yes
Cow,Mammal,359,9,Yes
Goat,Mammal,564,14,Yes
Pig,Mammal,664,6,Yes
Duck,Bird,762,1,No
Horse,Mammal,613,15,No
Pig,Mammal,538,1,No
Turkey,Bird,396,3,No
Cow,Mammal,401,12,Yes
Horse,Mammal,346,14,Yes
Turkey,Bird,472,2,Yes
Horse,Mammal,482,11,Yes
Goat,Mammal,510,9,Yes
Cow,Mammal,761,4,Yes
Chicken,Bird,785,14,No
Chicken,Bird,576,4,Yes
Goat,Mammal,10,14,Yes
Sheep,Mammal,625,8,Yes
Goat,Mammal,391,14,No
Goat,Mammal,134,6,No
Cow,Mammal,471,11,Yes
Chicken,Bird,595,6,Yes
Turkey,Bird,628,13,Yes
Horse,Mammal,572,5,Yes
Pig,Mammal,38,13,Yes
Chicken,Bird,689,4,No
Horse,Mammal,61,1,Yes
Sheep,Mammal,483,11,No
Cow,Mammal,326,2,Yes
Chicken,Bird,70,3,No
Duck,Bird,626,15,No
Pig,Mammal,639,15,No
Pig,Mammal,244,5,Yes
Sheep,Mammal,207,13,No
Turkey,Bird,567,7,No
Horse,Mammal,794,6,Yes
Pig,Mammal,56,6,No
Turkey,Bird,468,8,Yes
Pig,Mammal,321,4,No
Sheep,Mammal,497,1,Yes
Chicken,Bird,383,6,No
Goat,Mammal,116,14,No
Cow,Mammal,263,6,Yes
Cow,Mammal,554,1,Yes
Sheep,Mammal,471,1,Yes
Goat,Mammal,13,14,No
Sheep,Mammal,116,15,Yes
Horse,Mammal,567,9,No
Goat,Mammal,40,13,Yes
Cow,Mammal,765,9,Yes
Cow,Mammal,22,10,No
Chicken,Bird,607,2,No
Turkey,Bird,456,7,No
Goat,Mammal,153,4,No
Goat,Mammal,530,2,No
Chicken,Bird,796,3,Yes
Horse,Mammal,63,14,No
Cow,Mammal,725,6,Yes
Pig,Mammal,315,8,Yes
Duck,Bird,641,10,Yes
Turkey,Bird,244,12,Yes
Goat,Mammal,460,8,No
Turkey,Bird,745,9,Yes
Turkey,Bird,697,7,Yes
Horse,Mammal,566,4,Yes
Duck,Bird,143,10,Yes
Cow,Mammal,100,7,No
Sheep,Mammal,752,13,No
Pig,Mammal,658,4,No
Goat,Mammal,122,4,No
Duck,Bird,325,3,No
Duck,Bird,353,13,Yes
Pig,Mammal,632,7,Yes
Cow,Mammal,469,7,Yes
Goat,Mammal,370,7,Yes
Pig,Mammal,309,6,Yes
Sheep,Mammal,278,15,No
Chicken,Bird,488,15,Yes
Duck,Bird,578,10,No
Horse,Mammal,77,10,No
Horse,Mammal,106,6,No
Horse,Mammal,584,2,Yes
Turkey,Bird,318,13,No
Duck,Bird,59,9,No
Chicken,Bird,444,15,Yes
Horse,Mammal,594,4,Yes
Chicken,Bird,352,12,No
Goat,Mammal,499,6,No
Turkey,Bird,322,15,No
Duck,Bird,222,6,Yes
Goat,Mammal,211,2,Yes
Duck,Bird,351,7,Yes
Goat,Mammal,45,13,No
Duck,Bird,563,9,Yes
Duck,Bird,284,3,Yes
Chicken,Bird,18,8,No
Goat,Mammal,47,7,No
Turkey,Bird,108,4,Yes
Turkey,Bird,458,1,Yes
Pig,Mammal,622,6,No
Sheep,Mammal,159,11,Yes
Pig,Mammal,228,14,No
Duck,Bird,408,13,No
Pig,Mammal,553,3,Yes
Goat,Mammal,464,9,Yes
Turkey,Bird,652,14,No
Chicken,Bird,633,1,No
Horse,Mammal,723,4,No
Horse,Mammal,289,7,Yes
Chicken,Bird,672,15,Yes
Chicken,Bird,598,15,No
Cow,Mammal,460,4,Yes
Pig,Mammal,531,6,Yes
Sheep,Mammal,23,9,No
Duck,Bird,64,12,No
Horse,Mammal,189,7,No
Horse,Mammal,750,15,Yes
Goat,Mammal,131,4,Yes
Chicken,Bird,724,7,Yes
Chicken,Bird,381,4,Yes
Duck,Bird,634,13,Yes
Sheep,Mammal,224,15,Yes
Horse,Mammal,640,5,No
Pig,Mammal,675,4,No
Turkey,Bird,543,3,Yes
Duck,Bird,169,8,Yes
Sheep,Mammal,225,14,No
Sheep,Mammal,576,11,No
Pig,Mammal,748,10,Yes
Pig,Mammal,457,4,Yes
Pig,Mammal,546,9,No
Cow,Mammal,579,2,Yes
Duck,Bird,49,10,Yes
Pig,Mammal,672,6,Yes
Horse,Mammal,225,1,Yes
Horse,Mammal,169,11,Yes
Pig,Mammal,114,6,Yes
Horse,Mammal,133,12,Yes
Horse,Mammal,367,6,No
Turkey,Bird,288,4,No
Cow,Mammal,71,3,Yes
Goat,Mammal,548,6,No
Cow,Mammal,613,5,No
Horse,Mammal,428,6,Yes
Sheep,Mammal,255,5,No
Duck,Bird,691,12,Yes
Chicken,Bird,436,14,Yes
Horse,Mammal,416,6,No
Pig,Mammal,469,12,Yes
Chicken,Bird,55,13,No
Goat,Mammal,620,7,No
Pig,Mammal,229,2,No
Duck,Bird,483,14,Yes
Chicken,Bird,281,7,No
Chicken,Bird,391,8,No
Turkey,Bird,48,14,Yes
Sheep,Mammal,176,3,Yes
Sheep,Mammal,166,3,No
Chicken,Bird,673,1,Yes
Horse,Mammal,536,15,No
Cow,Mammal,751,12,Yes
Horse,Mammal,214,9,No
Pig,Mammal,225,3,Yes
Cow,Mammal,132,12,Yes
Chicken,Bird,19,4,No
Horse,Mammal,464,12,No
Chicken,Bird,160,5,Yes
Pig,Mammal,747,12,Yes
Goat,Mammal,743,4,Yes
Horse,Mammal,206,3,No
Cow,Mammal,240,14,Yes
Cow,Mammal,420,14,Yes
Sheep,Mammal,610,13,No
Duck,Bird,598,11,No
Horse,Mammal,669,4,Yes
Duck,Bird,777,12,No
Chicken,Bird,558,11,No
Sheep,Mammal,19,15,Yes
Pig,Mammal,628,5,No
Cow,Mammal,773,14,Yes
Goat,Mammal,495,15,Yes
Chicken,Bird,58,6,No
Pig,Mammal,491,3,Yes
Sheep,Mammal,256,7,Yes
Chicken,Bird,123,14,No
Sheep,Mammal,560,11,Yes
Goat,Mammal,465,8,No
Cow,Mammal,495,3,Yes
Sheep,Mammal,38,1,No
Horse,Mammal,571,13,No
Goat,Mammal,773,11,No
Cow,Mammal,355,8,No
Sheep,Mammal,136,11,No
Sheep,Mammal,737,15,Yes
Cow,Mammal,469,2,No
Horse,Mammal,510,15,Yes
Horse,Mammal,429,8,No
Horse,Mammal,304,13,No
Goat,Mammal,736,12,Yes
Cow,Mammal,560,11,Yes
Chicken,Bird,239,14,No
Duck,Bird,691,2,No
Turkey,Bird,598,13,No
Duck,Bird,279,5,Yes
Sheep,Mammal,177,9,Yes
Pig,Mammal,116,4,Yes
Duck,Bird,401,8,Yes
Pig,Mammal,368,15,No
Chicken,Bird,47,7,Yes
Goat,Mammal,73,2,No
Duck,Bird,598,15,No
Chicken,Bird,125,5,Yes
Sheep,Mammal,668,11,Yes
Pig,Mammal,645,7,Yes
Goat,Mammal,763,15,No
Horse,Mammal,345,15,Yes
Cow,Mammal,63,9,No
Cow,Mammal,727,12,No
Duck,Bird,483,1,No
Goat,Mammal,445,4,No
Goat,Mammal,454,1,No
Duck,Bird,217,2,No
Horse,Mammal,158,13,No
Goat,Mammal,359,6,No
Turkey,Bird,596,5,No
Pig,Mammal,183,2,No
Chicken,Bird,426,13,Yes
Chicken,Bird,79,6,Yes
Pig,Mammal,214,8,Yes
Duck,Bird,632,9,No
Turkey,Bird,298,8,Yes
Horse,Mammal,143,10,No
Cow,Mammal,408,4,Yes
Horse,Mammal,354,7,Yes
Sheep,Mammal,143,9,No
Duck,Bird,675,1,Yes
Horse,Mammal,786,13,Yes
Duck,Bird,11,5,Yes
Sheep,Mammal,318,13,No
Duck,Bird,247,7,Yes
Sheep,Mammal,259,13,Yes
Duck,Bird,307,9,Yes
Goat,Mammal,542,12,No
Goat,Mammal,615,8,Yes
Goat,Mammal,664,2,No
Goat,Mammal,305,4,Yes
Sheep,Mammal,505,2,No
Pig,Mammal,580,11,No
Cow,Mammal,596,9,No
Pig,Mammal,53,10,No
Sheep,Mammal,115,13,No
Sheep,Mammal,47,7,Yes
Pig,Mammal,258,2,No
Horse,Mammal,700,1,Yes
Duck,Bird,618,8,Yes
Cow,Mammal,339,5,No
Cow,Mammal,558,11,No
Goat,Mammal,577,14,No
Turkey,Bird,393,6,No
Duck,Bird,538,9,Yes
Duck,Bird,575,14,Yes
Turkey,Bird,562,9,No
Horse,Mammal,369,12,No
Turkey,Bird,601,10,Yes
Horse,Mammal,44,13,No
Chicken,Bird,188,13,Yes
Horse,Mammal,72,11,Yes
Pig,Mammal,785,8,No
Horse,Mammal,707,9,No
Turkey,Bird,741,1,No
Cow,Mammal,783,14,Yes
Cow,Mammal,129,4,No
Sheep,Mammal,796,8,No
Sheep,Mammal,381,2,Yes
Goat,Mammal,159,10,Yes
Sheep,Mammal,76,14,No
Turkey,Bird,38,7,Yes
Sheep,Mammal,764,8,No
Sheep,Mammal,600,13,No
Duck,Bird,657,8,Yes
Pig,Mammal,113,3,No
Sheep,Mammal,238,11,No
Cow,Mammal,157,4,Yes
Duck,Bird,565,3,No
Sheep,Mammal,744,14,Yes
Turkey,Bird,277,11,No
Turkey,Bird,481,2,Yes
Cow,Mammal,87,8,Yes
Turkey,Bird,305,10,Yes
Horse,Mammal,111,8,No
Duck,Bird,126,13,Yes
Chicken,Bird,136,6,Yes
Sheep,Mammal,167,9,Yes
Cow,Mammal,398,14,Yes
Sheep,Mammal,476,10,Yes
Horse,Mammal,359,14,No
Horse,Mammal,219,3,Yes
Pig,Mammal,676,3,No
Duck,Bird,668,15,No
Cow,Mammal,299,6,No
Chicken,Bird,368,1,Yes
Pig,Mammal,568,15,Yes
Cow,Mammal,88,7,No
Turkey,Bird,120,12,Yes
Pig,Mammal,284,11,No
Sheep,Mammal,224,9,Yes
Turkey,Bird,94,7,Yes
Horse,Mammal,656,11,Yes
Chicken,Bird,212,1,Yes
Goat,Mammal,694,7,No
Turkey,Bird,615,7,Yes
Sheep,Mammal,42,15,No
Cow,Mammal,362,3,Yes
Pig,Mammal,102,15,No
Goat,Mammal,728,12,No
Horse,Mammal,453,10,No
Cow,Mammal,743,9,Yes
Turkey,Bird,611,8,Yes
Horse,Mammal,176,8,No
Goat,Mammal,86,9,No
Sheep,Mammal,394,2,No
Turkey,Bird,49,7,No
Duck,Bird,608,7,No
Turkey,Bird,412,14,Yes
Goat,Mammal,84,2,Yes
Turkey,Bird,445,13,No
Chicken,Bird,163,6,Yes
Goat,Mammal,463,15,Yes
Pig,Mammal,704,8,Yes
Horse,Mammal,231,12,Yes
Turkey,Bird,174,10,Yes
Pig,Mammal,69,6,No
Sheep,Mammal,105,6,No
Duck,Bird,432,1,No
Turkey,Bird,657,12,Yes
Cow,Mammal,741,14,Yes
Turkey,Bird,588,2,Yes
Horse,Mammal,631,3,No
Turkey,Bird,474,8,No
Cow,Mammal,793,3,No
Goat,Mammal,737,12,No
Horse,Mammal,335,4,Yes
Duck,Bird,763,2,Yes
Sheep,Mammal,706,6,Yes
Chicken,Bird,175,7,Yes
Chicken,Bird,437,2,No
Goat,Mammal,224,15,No
Chicken,Bird,19,14,No
Duck,Bird,100,14,No
Duck,Bird,423,14,Yes
Horse,Mammal,566,8,No
Duck,Bird,722,15,No
Pig,Mammal,44,8,Yes
Pig,Mammal,457,11,Yes
Chicken,Bird,755,1,No
Cow,Mammal,610,5,Yes
Sheep,Mammal,339,1,No
Sheep,Mammal,236,10,Yes
Horse,Mammal,782,10,Yes
Turkey,Bird,562,6,Yes
Horse,Mammal,347,8,Yes
Horse,Mammal,389,3,Yes
Cow,Mammal,491,8,Yes
Turkey,Bird,79,15,Yes
Duck,Bird,746,14,No
Pig,Mammal,539,10,No
Turkey,Bird,709,15,Yes
Duck,Bird,517,1,No
Pig,Mammal,306,3,Yes
Goat,Mammal,168,10,No
Turkey,Bird,403,3,Yes
Duck,Bird,198,1,No
Turkey,Bird,303,5,Yes
Goat,Mammal,631,10,No
Sheep,Mammal,185,9,Yes
Cow,Mammal,217,1,Yes
Turkey,Bird,647,13,Yes
Goat,Mammal,406,8,No
Pig,Mammal,626,14,No
Pig,Mammal,676,2,No
Sheep,Mammal,463,13,No
Turkey,Bird,128,9,No
Goat,Mammal,356,5,Yes
Chicken,Bird,606,4,No
Goat,Mammal,384,6,Yes
Pig,Mammal,744,3,Yes
Goat,Mammal,185,12,Yes
Pig,Mammal,8,11,Yes
Chicken,Bird,283,12,No
Turkey,Bird,61,13,Yes
Pig,Mammal,76,11,No
Horse,Mammal,376,14,No
Goat,Mammal,291,10,No
Turkey,Bird,480,1,No
Cow,Mammal,282,1,Yes
Chicken,Bird,28,15,Yes
Duck,Bird,653,13,No
Goat,Mammal,703,12,Yes
Chicken,Bird,329,11,No
Duck,Bird,559,4,Yes
Chicken,Bird,18,2,No
Pig,Mammal,318,2,Yes
Pig,Mammal,398,8,No
Pig,Mammal,694,10,No
Chicken,Bird,509,1,No
Pig,Mammal,150,8,Yes
Cow,Mammal,213,8,Yes
Goat,Mammal,210,9,Yes
Sheep,Mammal,386,7,Yes
Chicken,Bird,442,1,No
Turkey,Bird,458,11,No
Goat,Mammal,637,6,Yes
Cow,Mammal,188,11,No
Turkey,Bird,386,11,No
Horse,Mammal,718,7,No
Duck,Bird,405,4,No
Pig,Mammal,777,7,No
Turkey,Bird,366,12,No
Cow,Mammal,552,11,No
Turkey,Bird,399,7,Yes
Pig,Mammal,471,2,Yes
Turkey,Bird,544,4,Yes
Cow,Mammal,778,13,Yes
Goat,Mammal,747,10,Yes
Goat,Mammal,160,3,No
Turkey,Bird,295,12,No
Chicken,Bird,775,3,Yes
Horse,Mammal,794,3,Yes
Turkey,Bird,397,8,No
Horse,Mammal,375,7,No
Sheep,Mammal,674,12,No
Pig,Mammal,188,10,No
Pig,Mammal,478,10,No
Cow,Mammal,468,8,No
Goat,Mammal,582,2,Yes
Sheep,Mammal,664,11,No
Sheep,Mammal,154,2,No
Pig,Mammal,470,1,No
Cow,Mammal,197,13,No
Turkey,Bird,422,8,Yes
Sheep,Mammal,168,4,Yes
Horse,Mammal,386,5,Yes
Sheep,Mammal,584,9,No
Horse,Mammal,545,14,Yes
Chicken,Bird,517,13,Yes
Chicken,Bird,782,3,No
Pig,Mammal,280,5,No
Cow,Mammal,50,9,No
Goat,Mammal,88,8,No
Turkey,Bird,344,7,No
Duck,Bird,124,7,Yes
Duck,Bird,271,2,Yes
Sheep,Mammal,451,12,No
Goat,Mammal,247,10,Yes
Horse,Mammal,448,6,No
Sheep,Mammal,392,11,No
Chicken,Bird,249,5,Yes
Turkey,Bird,44,15,Yes
Duck,Bird,112,5,Yes
Chicken,Bird,73,6,No
Chicken,Bird,462,1,Yes
Duck,Bird,152,11,No
Turkey,Bird,334,7,Yes
Chicken,Bird,645,15,No
Cow,Mammal,717,8,Yes
Duck,Bird,235,14,No
Sheep,Mammal,15,15,Yes
Duck,Bird,540,8,No
Turkey,Bird,490,7,No
Sheep,Mammal,437,14,No
Duck,Bird,734,8,Yes
Pig,Mammal,793,1,Yes
Turkey,Bird,23,9,Yes
Duck,Bird,788,5,Yes
Chicken,Bird,675,3,Yes
Duck,Bird,280,9,No
Duck,Bird,749,13,No
Turkey,Bird,582,14,No
Goat,Mammal,178,6,No
Chicken,Bird,332,11,No
Goat,Mammal,115,6,No
Chicken,Bird,594,3,No
Sheep,Mammal,542,11,Yes
Sheep,Mammal,67,1,Yes
Goat,Mammal,263,4,No
Pig,Mammal,21,13,Yes
Pig,Mammal,368,14,Yes
Horse,Mammal,124,8,No
Chicken,Bird,320,9,No
Cow,Mammal,403,12,Yes
Pig,Mammal,323,10,No
Cow,Mammal,701,8,Yes
Turkey,Bird,490,7,No
Sheep,Mammal,14,14,Yes
Sheep,Mammal,15,5,No
Duck,Bird,9,12,No
Turkey,Bird,339,5,No
Pig,Mammal,560,2,Yes
Horse,Mammal,204,5,Yes
Duck,Bird,93,5,Yes
Duck,Bird,293,13,Yes
Sheep,Mammal,310,5,No
Cow,Mammal,462,9,Yes
Turkey,Bird,449,4,Yes
Horse,Mammal,42,15,No
Turkey,Bird,259,11,Yes
Goat,Mammal,59,15,Yes
Cow,Mammal,307,7,Yes
Goat,Mammal,460,13,Yes
Turkey,Bird,50,2,Yes
Goat,Mammal,63,7,Yes
Goat,Mammal,197,6,No
Cow,Mammal,351,14,Yes
Sheep,Mammal,456,15,Yes
Cow,Mammal,158,13,No
Cow,Mammal,244,11,Yes
Pig,Mammal,413,5,No
Goat,Mammal,479,12,No
Goat,Mammal,376,9,No
Goat,Mammal,209,15,No
Goat,Mammal,344,4,Yes
Sheep,Mammal,270,8,No
Duck,Bird,66,9,Yes
Turkey,Bird,325,10,Yes
Pig,Mammal,487,12,Yes
Cow,Mammal,493,3,No
Goat,Mammal,603,11,No
Horse,Mammal,292,9,Yes
Pig,Mammal,742,15,Yes
Sheep,Mammal,707,9,Yes
Goat,Mammal,448,2,No
Chicken,Bird,507,13,No
Horse,Mammal,384,2,Yes
Turkey,Bird,133,7,No
Turkey,Bird,310,2,No
Horse,Mammal,623,2,No
Pig,Mammal,663,5,No
Horse,Mammal,496,14,Yes
Horse,Mammal,143,9,No
Chicken,Bird,461,11,No
Chicken,Bird,604,10,Yes
Cow,Mammal,16,6,No
Turkey,Bird,534,2,No
Chicken,Bird,480,1,No
Horse,Mammal,454,1,No
Goat,Mammal,292,12,Yes
Sheep,Mammal,793,3,Yes
Goat,Mammal,466,2,No
Horse,Mammal,508,13,No
Duck,Bird,622,6,Yes
Sheep,Mammal,655,4,Yes
Turkey,Bird,130,6,Yes
Sheep,Mammal,495,8,Yes
Turkey,Bird,406,7,Yes
Turkey,Bird,525,12,Yes
Cow,Mammal,780,1,No
Cow,Mammal,743,15,Yes
Duck,Bird,54,6,Yes
Duck,Bird,425,4,No
Duck,Bird,50,3,Yes
Turkey,Bird,539,14,No
Goat,Mammal,694,12,No
Duck,Bird,559,9,No
Sheep,Mammal,742,1,Yes
Horse,Mammal,175,13,No
Duck,Bird,756,3,Yes
Chicken,Bird,451,6,No
Cow,Mammal,678,1,No
Horse,Mammal,64,1,Yes
Cow,Mammal,742,8,Yes
Cow,Mammal,589,2,Yes
Turkey,Bird,289,2,No
Horse,Mammal,130,8,Yes
Goat,Mammal,104,15,No
Goat,Mammal,646,2,No
Horse,Mammal,242,2,No
Horse,Mammal,61,7,Yes
Pig,Mammal,215,8,Yes
Duck,Bird,118,9,No
Horse,Mammal,746,10,No
Cow,Mammal,678,3,Yes
Turkey,Bird,544,8,No
Sheep,Mammal,175,3,Yes
Pig,Mammal,657,5,Yes
Sheep,Mammal,270,12,No
Horse,Mammal,797,5,No
Turkey,Bird,198,11,Yes
Turkey,Bird,194,9,Yes
Cow,Mammal,360,10,No
Goat,Mammal,209,5,No
Sheep,Mammal,649,12,Yes
Cow,Mammal,428,13,Yes
Goat,Mammal,134,12,No
Pig,Mammal,128,5,No
Turkey,Bird,72,15,Yes
Cow,Mammal,782,5,Yes
Goat,Mammal,127,9,No
Turkey,Bird,154,4,Yes
Sheep,Mammal,362,4,No
Turkey,Bird,197,2,No
Horse,Mammal,331,7,No
Duck,Bird,625,12,Yes
Chicken,Bird,203,11,Yes
Pig,Mammal,705,12,Yes
Pig,Mammal,325,13,Yes
Horse,Mammal,331,7,Yes
Duck,Bird,781,5,No
Chicken,Bird,6,9,Yes
Duck,Bird,682,5,No
Turkey,Bird,223,4,No
Turkey,Bird,24,11,No
Goat,Mammal,538,15,Yes
Pig,Mammal,338,12,No
Sheep,Mammal,184,1,No
Turkey,Bird,385,6,Yes
Goat,Mammal,103,5,No
Chicken,Bird,718,8,No
Duck,Bird,89,2,Yes
Duck,Bird,657,11,Yes
Goat,Mammal,384,5,No
Chicken,Bird,709,14,Yes
Chicken,Bird,78,5,No
Turkey,Bird,235,10,Yes
Pig,Mammal,273,8,No
Sheep,Mammal,365,12,No
Sheep,Mammal,352,15,No
Cow,Mammal,79,1,No
Cow,Mammal,575,5,Yes
Goat,Mammal,365,2,No
Goat,Mammal,284,12,No
Cow,Mammal,764,7,No
Horse,Mammal,85,4,Yes
Duck,Bird,614,1,Yes
Pig,Mammal,322,10,No
Cow,Mammal,73,7,Yes
Turkey,Bird,338,2,Yes
Sheep,Mammal,214,6,Yes
Turkey,Bird,300,7,No
Turkey,Bird,247,3,No
Horse,Mammal,415,2,No
Goat,Mammal,202,4,Yes
Cow,Mammal,420,9,No
Goat,Mammal,637,11,No
Horse,Mammal,450,10,No
Duck,Bird,213,15,No
Duck,Bird,619,5,Yes
Chicken,Bird,306,13,No
Chicken,Bird,220,15,No
Turkey,Bird,457,3,No
Turkey,Bird,339,7,No
Pig,Mammal,585,13,No
Goat,Mammal,347,2,No
Sheep,Mammal,296,8,Yes
Pig,Mammal,234,8,Yes
Pig,Mammal,589,15,No
Pig,Mammal,573,11,Yes
Sheep,Mammal,108,5,No
Horse,Mammal,239,14,Yes
Turkey,Bird,161,2,No
Chicken,Bird,71,7,Yes
Pig,Mammal,263,7,No
Horse,Mammal,306,12,Yes
Duck,Bird,223,15,Yes
Sheep,Mammal,656,14,No
Goat,Mammal,249,13,No
Turkey,Bird,788,10,Yes
Cow,Mammal,265,11,No
Pig,Mammal,83,7,No
Goat,Mammal,499,15,Yes
Sheep,Mammal,150,13,Yes
Cow,Mammal,520,9,Yes
Horse,Mammal,628,14,Yes
Chicken,Bird,310,10,Yes
Pig,Mammal,359,3,Yes
Cow,Mammal,578,8,Yes
Cow,Mammal,192,10,No
Turkey,Bird,786,14,No
Sheep,Mammal,608,1,No
Goat,Mammal,179,15,No
Duck,Bird,249,12,No
Turkey,Bird,357,10,Yes
Duck,Bird,529,7,Yes
Pig,Mammal,7,15,No
Duck,Bird,253,13,No
Goat,Mammal,604,8,Yes
Duck,Bird,683,13,Yes
Chicken,Bird,191,9,No
Turkey,Bird,703,6,Yes
Chicken,Bird,102,5,Yes
Duck,Bird,672,15,No
Chicken,Bird,158,12,Yes
Chicken,Bird,89,7,No
Sheep,Mammal,562,11,No
Chicken,Bird,530,8,Yes
Duck,Bird,429,9,Yes
Sheep,Mammal,463,8,No
Cow,Mammal,194,13,Yes
Cow,Mammal,145,6,Yes
Turkey,Bird,716,9,Yes
Chicken,Bird,565,9,No
Chicken,Bird,147,7,No
Horse,Mammal,777,5,Yes
Duck,Bird,571,2,No
Turkey,Bird,637,13,No
Duck,Bird,558,1,Yes
Turkey,Bird,404,14,No
Sheep,Mammal,189,2,Yes
Sheep,Mammal,70,15,No
Goat,Mammal,553,13,Yes
Sheep,Mammal,639,13,No
Horse,Mammal,62,5,Yes
Goat,Mammal,405,14,Yes
Chicken,Bird,185,4,Yes
Sheep,Mammal,495,9,No
Chicken,Bird,435,4,Yes
Goat,Mammal,593,15,No
Horse,Mammal,401,9,No
Horse,Mammal,663,9,No
Sheep,Mammal,647,6,Yes
Goat,Mammal,350,5,No
Duck,Bird,165,12,Yes
Pig,Mammal,340,4,Yes
Chicken,Bird,136,7,No
Goat,Mammal,104,1,No
Cow,Mammal,44,7,Yes
Turkey,Bird,269,13,No
Sheep,Mammal,532,10,No
Goat,Mammal,107,4,Yes
Chicken,Bird,699,12,Yes
Goat,Mammal,767,14,No
Pig,Mammal,347,11,No
Horse,Mammal,549,11,Yes
Cow,Mammal,106,10,Yes
Duck,Bird,750,2,No
Turkey,Bird,325,9,Yes
Horse,Mammal,23,11,Yes
Cow,Mammal,766,13,Yes
Sheep,Mammal,305,5,Yes
Goat,Mammal,569,3,Yes
Goat,Mammal,375,8,Yes
Duck,Bird,197,13,Yes
Horse,Mammal,406,9,Yes
Pig,Mammal,155,9,Yes
Pig,Mammal,725,6,Yes
Duck,Bird,151,15,Yes
Horse,Mammal,484,7,No
Sheep,Mammal,37,7,No
Pig,Mammal,639,7,Yes
Horse,Mammal,621,8,Yes
Duck,Bird,375,5,Yes
Chicken,Bird,529,9,No
Cow,Mammal,464,11,Yes
Duck,Bird,122,2,No
Pig,Mammal,478,12,No
Chicken,Bird,53,2,Yes
Chicken,Bird,336,10,No
Horse,Mammal,614,3,No
Duck,Bird,563,5,No
Goat,Mammal,254,5,Yes
Goat,Mammal,386,14,No
Turkey,Bird,788,1,No
Cow,Mammal,275,13,No
Horse,Mammal,385,1,Yes
Sheep,Mammal,182,2,Yes
Horse,Mammal,204,15,Yes
Cow,Mammal,333,8,Yes
Pig,Mammal,75,15,Yes
Horse,Mammal,769,7,Yes
Duck,Bird,730,13,Yes
Cow,Mammal,576,1,Yes
Goat,Mammal,291,1,No
Pig,Mammal,647,5,Yes
Horse,Mammal,676,3,Yes
Turkey,Bird,146,6,Yes
Pig,Mammal,164,1,Yes
Goat,Mammal,567,5,Yes
Duck,Bird,294,15,Yes
Pig,Mammal,340,13,No
Pig,Mammal,598,7,Yes
Sheep,Mammal,62,14,No
Cow,Mammal,651,12,Yes
Turkey,Bird,142,1,Yes
Cow,Mammal,437,8,Yes
Pig,Mammal,117,12,Yes
Goat,Mammal,139,13,Yes
Cow,Mammal,56,11,No
Horse,Mammal,311,9,No
Goat,Mammal,429,9,Yes
Duck,Bird,188,7,Yes
Pig,Mammal,210,11,No
Sheep,Mammal,633,7,Yes
Chicken,Bird,187,1,No
Horse,Mammal,35,15,No
Pig,Mammal,96,9,Yes
Cow,Mammal,13,3,No
Chicken,Bird,78,15,No
Pig,Mammal,757,1,Yes
Turkey,Bird,90,6,No
Cow,Mammal,229,12,No
Sheep,Mammal,286,5,No
Duck,Bird,131,7,Yes
Cow,Mammal,750,13,No
Chicken,Bird,116,3,No
Horse,Mammal,380,9,No
Chicken,Bird,93,7,No
Duck,Bird,706,4,Yes
Horse,Mammal,225,3,No
Sheep,Mammal,547,3,Yes
Chicken,Bird,257,5,Yes
Horse,Mammal,204,5,No
Turkey,Bird,110,15,No
Chicken,Bird,458,12,Yes
Horse,Mammal,532,12,Yes
Goat,Mammal,172,5,No
Cow,Mammal,103,7,No
Turkey,Bird,59,12,Yes
Pig,Mammal,573,11,Yes
Horse,Mammal,294,6,Yes
Horse,Mammal,627,10,No
Pig,Mammal,283,12,No
Duck,Bird,359,4,Yes
Sheep,Mammal,53,1,No
Cow,Mammal,745,14,No
Cow,Mammal,84,7,Yes
Goat,Mammal,22,10,No
Chicken,Bird,314,7,Yes
Horse,Mammal,282,1,No
Chicken,Bird,278,8,Yes
Cow,Mammal,98,11,No
Horse,Mammal,724,10,Yes
Pig,Mammal,296,12,Yes
Sheep,Mammal,264,4,Yes
Goat,Mammal,206,4,No
Pig,Mammal,668,7,Yes
Pig,Mammal,360,2,Yes
Turkey,Bird,641,15,No
Chicken,Bird,427,14,No
Sheep,Mammal,17,9,Yes
Duck,Bird,138,1,No
Sheep,Mammal,87,10,No
Pig,Mammal,542,10,Yes
Pig,Mammal,79,14,Yes
Turkey,Bird,199,9,No
Goat,Mammal,82,2,No
Goat,Mammal,8,8,Yes
Horse,Mammal,209,15,No
Goat,Mammal,283,7,No
Chicken,Bird,583,12,No
Duck,Bird,741,2,No
Goat,Mammal,207,12,Yes
Duck,Bird,355,2,Yes
Chicken,Bird,262,6,No
Horse,Mammal,540,14,Yes
Goat,Mammal,130,14,Yes
Goat,Mammal,138,15,No
Turkey,Bird,180,12,Yes
Duck,Bird,73,3,Yes
Sheep,Mammal,739,3,No
Goat,Mammal,420,12,No
Pig,Mammal,778,1,No
Sheep,Mammal,573,5,No
Horse,Mammal,386,5,Yes
Duck,Bird,191,12,No
Pig,Mammal,625,1,No
Sheep,Mammal,226,11,No
Horse,Mammal,83,8,Yes
Chicken,Bird,14,7,No
Chicken,Bird,717,8,No
Horse,Mammal,259,6,No
Chicken,Bird,513,9,No
Goat,Mammal,678,7,No
Turkey,Bird,790,9,Yes
Sheep,Mammal,455,1,No
Turkey,Bird,76,8,Yes
Cow,Mammal,586,8,Yes
Horse,Mammal,309,4,Yes
Horse,Mammal,656,12,No
Sheep,Mammal,384,7,No
Horse,Mammal,781,15,Yes
Horse,Mammal,408,4,Yes
Horse,Mammal,33,12,Yes
Pig,Mammal,556,7,Yes
Duck,Bird,94,12,No
Goat,Mammal,648,4,Yes
Duck,Bird,282,10,Yes
Turkey,Bird,25,6,No
Turkey,Bird,546,2,No
Turkey,Bird,535,5,Yes
Horse,Mammal,141,5,Yes
Horse,Mammal,261,7,Yes
Turkey,Bird,553,8,Yes
Horse,Mammal,589,11,No
Goat,Mammal,365,6,Yes
Horse,Mammal,196,12,Yes
Duck,Bird,72,3,Yes
Horse,Mammal,754,13,Yes
Cow,Mammal,261,6,No
Goat,Mammal,543,5,No
Turkey,Bird,502,6,Yes
Horse,Mammal,410,10,Yes
Turkey,Bird,259,13,Yes
Turkey,Bird,787,2,Yes
Horse,Mammal,411,8,Yes
Duck,Bird,432,13,Yes
Pig,Mammal,543,12,Yes
Goat,Mammal,39,1,No
Cow,Mammal,33,6,Yes
Pig,Mammal,473,8,No
Pig,Mammal,183,6,No
Chicken,Bird,53,6,Yes
Chicken,Bird,632,5,No
Turkey,Bird,732,2,No
Horse,Mammal,612,8,Yes
Cow,Mammal,609,12,No
Pig,Mammal,382,9,No
Pig,Mammal,97,7,Yes
Horse,Mammal,159,1,Yes
Pig,Mammal,308,5,Yes
Turkey,Bird,445,9,Yes
Pig,Mammal,269,14,No
Turkey,Bird,683,13,No
Goat,Mammal,252,15,No
Turkey,Bird,75,13,No
Turkey,Bird,703,5,Yes
Goat,Mammal,797,1,Yes
Turkey,Bird,162,9,No
Pig,Mammal,585,4,No
Horse,Mammal,594,5,Yes
Chicken,Bird,482,14,No
Cow,Mammal,667,2,Yes
Duck,Bird,486,1,Yes
Horse,Mammal,508,13,No
Chicken,Bird,686,1,No
Sheep,Mammal,378,7,No
Chicken,Bird,609,6,Yes
Goat,Mammal,151,11,No
Goat,Mammal,139,2,No
Sheep,Mammal,349,13,Yes
Goat,Mammal,214,2,Yes
Turkey,Bird,285,11,Yes
Horse,Mammal,301,4,No
Goat,Mammal,473,9,Yes
Horse,Mammal,527,4,Yes
Chicken,Bird,487,13,No
Duck,Bird,179,10,Yes
Sheep,Mammal,573,12,Yes
Duck,Bird,765,3,No
Goat,Mammal,781,4,No
Pig,Mammal,82,9,Yes
